sample_accession	sample_description	description	study_accession
SAMEA112896355	16S rRNA	16S rRNA	PRJEB61123
SAMEA112896356	16S rRNA	16S rRNA	PRJEB61123
SAMEA112896357	16S rRNA	16S rRNA	PRJEB61123
SAMEA112896360	16S rRNA	16S rRNA	PRJEB61123
SAMEA112896361	16S rRNA	16S rRNA	PRJEB61123
SAMEA112896364	16S rRNA	16S rRNA	PRJEB61123
SAMEA112896367	16S rRNA	16S rRNA	PRJEB61123
SAMEA112896368	16S rRNA	16S rRNA	PRJEB61123
SAMEA112896373	16S rRNA	16S rRNA	PRJEB61123
SAMEA112896375	16S rRNA	16S rRNA	PRJEB61123
SAMEA112896376	16S rRNA	16S rRNA	PRJEB61123
SAMEA112896377	16S rRNA	16S rRNA	PRJEB61123
SAMEA112896382	16S rRNA	16S rRNA	PRJEB61123
SAMEA112896383	16S rRNA	16S rRNA	PRJEB61123
SAMEA112896384	16S rRNA	16S rRNA	PRJEB61123
SAMEA112896385	16S rRNA	16S rRNA	PRJEB61123
SAMEA112896386	16S rRNA	16S rRNA	PRJEB61123
SAMEA112896388	16S rRNA	16S rRNA	PRJEB61123
SAMEA112896389	16S rRNA	16S rRNA	PRJEB61123
SAMEA112896397	16S rRNA	16S rRNA	PRJEB61123
SAMEA112896400	16S rRNA	16S rRNA	PRJEB61123
SAMEA112896402	16S rRNA	16S rRNA	PRJEB61123
SAMEA112896403	16S rRNA	16S rRNA	PRJEB61123
SAMEA112896406	16S rRNA	16S rRNA	PRJEB61123
SAMEA112896407	16S rRNA	16S rRNA	PRJEB61123
SAMEA112896408	16S rRNA	16S rRNA	PRJEB61123
SAMEA112896412	16S rRNA	16S rRNA	PRJEB61123
SAMEA112896414	16S rRNA	16S rRNA	PRJEB61123
SAMEA112896417	16S rRNA	16S rRNA	PRJEB61123
SAMEA112896418	16S rRNA	16S rRNA	PRJEB61123
SAMEA112896420	16S rRNA	16S rRNA	PRJEB61123
SAMN28230178	16S rRNA	16S rRNA	PRJNA837737
SAMN28230188	16S rRNA	16S rRNA	PRJNA837737
SAMN28230189	16S rRNA	16S rRNA	PRJNA837737
SAMN28230193	16S rRNA	16S rRNA	PRJNA837737
SAMN28230194	16S rRNA	16S rRNA	PRJNA837737
SAMN28230203	16S rRNA	16S rRNA	PRJNA837737
SAMN28230211	16S rRNA	16S rRNA	PRJNA837737
SAMN28230213	16S rRNA	16S rRNA	PRJNA837737
SAMN29206509	16s rRNA	16s rRNA	PRJNA850879
SAMN29206510	16s rRNA	16s rRNA	PRJNA850879
SAMN29206514	16s rRNA	16s rRNA	PRJNA850879
SAMN29206519	16s rRNA	16s rRNA	PRJNA850879
SAMN29206526	16s rRNA	16s rRNA	PRJNA850879
SAMN29206528	16s rRNA	16s rRNA	PRJNA850879
SAMN29206530	16s rRNA	16s rRNA	PRJNA850879
SAMN29206535	16s rRNA	16s rRNA	PRJNA850879
SAMN29206536	16s rRNA	16s rRNA	PRJNA850879
SAMN29206538	16s rRNA	16s rRNA	PRJNA850879
SAMN29206542	16s rRNA	16s rRNA	PRJNA850879
SAMN29206545	16s rRNA	16s rRNA	PRJNA850879
SAMN29206546	16s rRNA	16s rRNA	PRJNA850879
SAMN29206549	16s rRNA	16s rRNA	PRJNA850879
SAMN29206553	16s rRNA	16s rRNA	PRJNA850879
SAMN29206555	16s rRNA	16s rRNA	PRJNA850879
SAMN29206557	16s rRNA	16s rRNA	PRJNA850879
SAMN29206559	16s rRNA	16s rRNA	PRJNA850879
SAMN29206564	16s rRNA	16s rRNA	PRJNA850879
SAMN29206565	16s rRNA	16s rRNA	PRJNA850879
SAMN29206566	16s rRNA	16s rRNA	PRJNA850879
SAMN29206567	16s rRNA	16s rRNA	PRJNA850879
SAMN29206575	16s rRNA	16s rRNA	PRJNA850879
SAMN29206577	16s rRNA	16s rRNA	PRJNA850879
SAMN29206579	16s rRNA	16s rRNA	PRJNA850879
SAMN29206582	16s rRNA	16s rRNA	PRJNA850879
SAMN29206585	16s rRNA	16s rRNA	PRJNA850879
SAMN29206586	16s rRNA	16s rRNA	PRJNA850879
SAMN29206590	16s rRNA	16s rRNA	PRJNA850879
SAMN29206594	16s rRNA	16s rRNA	PRJNA850879
SAMN29206595	16s rRNA	16s rRNA	PRJNA850879
SAMN29206598	16s rRNA	16s rRNA	PRJNA850879
SAMN29206600	16s rRNA	16s rRNA	PRJNA850879
SAMN29206601	16s rRNA	16s rRNA	PRJNA850879
SAMN29206603	16s rRNA	16s rRNA	PRJNA850879
SAMN29206606	16s rRNA	16s rRNA	PRJNA850879
SAMN29206607	16s rRNA	16s rRNA	PRJNA850879
SAMN29206608	16s rRNA	16s rRNA	PRJNA850879
SAMN29206614	16s rRNA	16s rRNA	PRJNA850879
SAMN29206616	16s rRNA	16s rRNA	PRJNA850879
SAMN29207724	16s rRNA	16s rRNA	PRJNA850879
SAMN29207728	16s rRNA	16s rRNA	PRJNA850879
SAMN29207729	16s rRNA	16s rRNA	PRJNA850879
SAMN29207732	16s rRNA	16s rRNA	PRJNA850879
SAMN29207733	16s rRNA	16s rRNA	PRJNA850879
SAMN29207736	16s rRNA	16s rRNA	PRJNA850879
SAMN29207739	16s rRNA	16s rRNA	PRJNA850879
SAMN29207741	16s rRNA	16s rRNA	PRJNA850879
SAMN29207745	16s rRNA	16s rRNA	PRJNA850879
SAMN29207751	16s rRNA	16s rRNA	PRJNA850879
SAMN29207754	16s rRNA	16s rRNA	PRJNA850879
SAMN29207758	16s rRNA	16s rRNA	PRJNA850879
SAMN29207763	16s rRNA	16s rRNA	PRJNA850879
SAMN29207764	16s rRNA	16s rRNA	PRJNA850879
SAMN29207767	16s rRNA	16s rRNA	PRJNA850879
SAMN29207774	16s rRNA	16s rRNA	PRJNA850879
SAMN29207775	16s rRNA	16s rRNA	PRJNA850879
SAMN29207776	16s rRNA	16s rRNA	PRJNA850879
SAMN29207777	16s rRNA	16s rRNA	PRJNA850879
SAMN29207788	16s rRNA	16s rRNA	PRJNA850879
SAMN29207796	16s rRNA	16s rRNA	PRJNA850879
SAMN29207799	16s rRNA	16s rRNA	PRJNA850879
SAMN29207801	16s rRNA	16s rRNA	PRJNA850879
SAMN29207803	16s rRNA	16s rRNA	PRJNA850879
SAMN29207805	16s rRNA	16s rRNA	PRJNA850879
SAMN29207807	16s rRNA	16s rRNA	PRJNA850879
SAMN29207812	16s rRNA	16s rRNA	PRJNA850879
SAMN29207814	16s rRNA	16s rRNA	PRJNA850879
SAMN29207821	16s rRNA	16s rRNA	PRJNA850879
SAMN29207826	16s rRNA	16s rRNA	PRJNA850879
SAMN29207828	16s rRNA	16s rRNA	PRJNA850879
SAMN29207829	16s rRNA	16s rRNA	PRJNA850879
SAMN29207830	16s rRNA	16s rRNA	PRJNA850879
SAMN29207835	16s rRNA	16s rRNA	PRJNA850879
SAMN29207836	16s rRNA	16s rRNA	PRJNA850879
SAMN29207838	16s rRNA	16s rRNA	PRJNA850879
SAMN29207839	16s rRNA	16s rRNA	PRJNA850879
SAMN29207841	16s rRNA	16s rRNA	PRJNA850879
SAMN29207847	16s rRNA	16s rRNA	PRJNA850879
SAMN29212035	16s rRNA	16s rRNA	NA
SAMN29212036	16s rRNA	16s rRNA	NA
SAMN29212038	16s rRNA	16s rRNA	NA
SAMN29212043	16s rRNA	16s rRNA	NA
SAMN29212060	16s rRNA	16s rRNA	NA
SAMN29212063	16s rRNA	16s rRNA	NA
SAMN29212070	16s rRNA	16s rRNA	NA
SAMN29212071	16s rRNA	16s rRNA	NA
SAMN29212073	16s rRNA	16s rRNA	NA
SAMN29212082	16s rRNA	16s rRNA	NA
SAMN29212092	16s rRNA	16s rRNA	NA
SAMN29212093	16s rRNA	16s rRNA	NA
SAMN29212106	16s rRNA	16s rRNA	NA
SAMN29212107	16s rRNA	16s rRNA	NA
SAMN29212108	16s rRNA	16s rRNA	NA
SAMN29212112	16s rRNA	16s rRNA	NA
SAMN29212114	16s rRNA	16s rRNA	NA
SAMN29212122	16s rRNA	16s rRNA	NA
SAMN29212126	16s rRNA	16s rRNA	NA
SAMN29212128	16s rRNA	16s rRNA	NA
SAMN29212133	16s rRNA	16s rRNA	NA
SAMN29212136	16s rRNA	16s rRNA	NA
SAMN29212140	16s rRNA	16s rRNA	NA
SAMN29212141	16s rRNA	16s rRNA	NA
SAMN29212142	16s rRNA	16s rRNA	NA
SAMN29212163	16s rRNA	16s rRNA	NA
SAMN29212164	16s rRNA	16s rRNA	NA
SAMN29212166	16s rRNA	16s rRNA	NA
SAMN29212168	16s rRNA	16s rRNA	NA
SAMN29212171	16s rRNA	16s rRNA	NA
SAMN29212173	16s rRNA	16s rRNA	NA
SAMN29212177	16s rRNA	16s rRNA	NA
SAMN29212183	16s rRNA	16s rRNA	NA
SAMN29212186	16s rRNA	16s rRNA	NA
SAMN29212187	16s rRNA	16s rRNA	NA
SAMN29212188	16s rRNA	16s rRNA	NA
SAMN29212190	16s rRNA	16s rRNA	NA
SAMN29212197	16s rRNA	16s rRNA	NA
SAMN29212198	16s rRNA	16s rRNA	NA
SAMN29212199	16s rRNA	16s rRNA	NA
SAMN29212208	16s rRNA	16s rRNA	NA
SAMN29212210	16s rRNA	16s rRNA	NA
SAMN29212214	16s rRNA	16s rRNA	NA
SAMN29212219	16s rRNA	16s rRNA	NA
SAMN29212223	16s rRNA	16s rRNA	NA
SAMN29212224	16s rRNA	16s rRNA	NA
SAMN29212229	16s rRNA	16s rRNA	NA
SAMN29212232	16s rRNA	16s rRNA	NA
SAMN29212247	16s rRNA	16s rRNA	NA
SAMN29212249	16s rRNA	16s rRNA	NA
SAMN29212250	16s rRNA	16s rRNA	NA
SAMN29212253	16s rRNA	16s rRNA	NA
SAMN29212254	16s rRNA	16s rRNA	NA
SAMN29212255	16s rRNA	16s rRNA	NA
SAMN29212258	16s rRNA	16s rRNA	NA
SAMN29212266	16s rRNA	16s rRNA	NA
SAMN29212268	16s rRNA	16s rRNA	NA
SAMN29212271	16s rRNA	16s rRNA	NA
SAMN29212273	16s rRNA	16s rRNA	NA
SAMN29212274	16s rRNA	16s rRNA	NA
SAMN29212277	16s rRNA	16s rRNA	NA
SAMN29212278	16s rRNA	16s rRNA	NA
SAMN29212279	16s rRNA	16s rRNA	NA
SAMN29212280	16s rRNA	16s rRNA	NA
SAMN29212281	16s rRNA	16s rRNA	NA
SAMN30618887	16S rRNA	16S rRNA	PRJNA876315
SAMN30618896	16S rRNA	16S rRNA	PRJNA876315
SAMN30618899	16S rRNA	16S rRNA	PRJNA876315
SAMN30618900	16S rRNA	16S rRNA	PRJNA876315
SAMN30618903	16S rRNA	16S rRNA	PRJNA876315
SAMN30618906	16S rRNA	16S rRNA	PRJNA876315
SAMN30618912	16S rRNA	16S rRNA	PRJNA876315
SAMN31463372	16S rRNA	16S rRNA	PRJNA894544
SAMN31463373	16S rRNA	16S rRNA	PRJNA894544
SAMN31463377	16S rRNA	16S rRNA	PRJNA894544
SAMN31463379	16S rRNA	16S rRNA	PRJNA894544
SAMN31463381	16S rRNA	16S rRNA	PRJNA894544
SAMN31463383	16S rRNA	16S rRNA	PRJNA894544
SAMN31463384	16S rRNA	16S rRNA	PRJNA894544
SAMN31463385	16S rRNA	16S rRNA	PRJNA894544
SAMN31463392	16S rRNA	16S rRNA	PRJNA894544
SAMN31463396	16S rRNA	16S rRNA	PRJNA894544
SAMN31463397	16S rRNA	16S rRNA	PRJNA894544
SAMN31463399	16S rRNA	16S rRNA	PRJNA894544
SAMN31463407	16S rRNA	16S rRNA	PRJNA894544
SAMN31463410	16S rRNA	16S rRNA	PRJNA894544
SAMN31463411	16S rRNA	16S rRNA	PRJNA894544
SAMN31463412	16S rRNA	16S rRNA	PRJNA894544
SAMN31463413	16S rRNA	16S rRNA	PRJNA894544
SAMN31463414	16S rRNA	16S rRNA	PRJNA894544
SAMN31463417	16S rRNA	16S rRNA	PRJNA894544
SAMN31463422	16S rRNA	16S rRNA	PRJNA894544
SAMN31463424	16S rRNA	16S rRNA	PRJNA894544
SAMN31463426	16S rRNA	16S rRNA	PRJNA894544
SAMN31463429	16S rRNA	16S rRNA	PRJNA894544
SAMN31463431	16S rRNA	16S rRNA	PRJNA894544
SAMN31463432	16S rRNA	16S rRNA	PRJNA894544
SAMN31463433	16S rRNA	16S rRNA	PRJNA894544
SAMN31463434	16S rRNA	16S rRNA	PRJNA894544
SAMN31463436	16S rRNA	16S rRNA	PRJNA894544
SAMN31463441	16S rRNA	16S rRNA	PRJNA894544
SAMN31463444	16S rRNA	16S rRNA	PRJNA894544
SAMN31463445	16S rRNA	16S rRNA	PRJNA894544
SAMN31463446	16S rRNA	16S rRNA	PRJNA894544
SAMN31463448	16S rRNA	16S rRNA	PRJNA894544
SAMN31463452	16S rRNA	16S rRNA	PRJNA894544
SAMN31463455	16S rRNA	16S rRNA	PRJNA894544
SAMN31463456	16S rRNA	16S rRNA	PRJNA894544
SAMN31463457	16S rRNA	16S rRNA	PRJNA894544
SAMN31463459	16S rRNA	16S rRNA	PRJNA894544
SAMN31463460	16S rRNA	16S rRNA	PRJNA894544
SAMN31463463	16S rRNA	16S rRNA	PRJNA894544
SAMN31463467	16S rRNA	16S rRNA	PRJNA894544
SAMN31463472	16S rRNA	16S rRNA	PRJNA894544
SAMN31463474	16S rRNA	16S rRNA	PRJNA894544
SAMN31463475	16S rRNA	16S rRNA	PRJNA894544
SAMN31463478	16S rRNA	16S rRNA	PRJNA894544
SAMN31463479	16S rRNA	16S rRNA	PRJNA894544
SAMN31463485	16S rRNA	16S rRNA	PRJNA894544
SAMN31463492	16S rRNA	16S rRNA	PRJNA894544
SAMN31463495	16S rRNA	16S rRNA	PRJNA894544
SAMN31463497	16S rRNA	16S rRNA	PRJNA894544
SAMN31463503	16S rRNA	16S rRNA	PRJNA894544
SAMN31463506	16S rRNA	16S rRNA	PRJNA894544
SAMN31463511	16S rRNA	16S rRNA	PRJNA894544
SAMN31463512	16S rRNA	16S rRNA	PRJNA894544
SAMN31463513	16S rRNA	16S rRNA	PRJNA894544
SAMN31463515	16S rRNA	16S rRNA	PRJNA894544
SAMN31463518	16S rRNA	16S rRNA	PRJNA894544
SAMN31463521	16S rRNA	16S rRNA	PRJNA894544
SAMN31463524	16S rRNA	16S rRNA	PRJNA894544
SAMN31463526	16S rRNA	16S rRNA	PRJNA894544
SAMN31463527	16S rRNA	16S rRNA	PRJNA894544
SAMN31463531	16S rRNA	16S rRNA	PRJNA894544
SAMN31463532	16S rRNA	16S rRNA	PRJNA894544
SAMN31463536	16S rRNA	16S rRNA	PRJNA894544
SAMN31463538	16S rRNA	16S rRNA	PRJNA894544
SAMN31463540	16S rRNA	16S rRNA	PRJNA894544
SAMN31463551	16S rRNA	16S rRNA	PRJNA894544
SAMN31463557	16S rRNA	16S rRNA	PRJNA894544
SAMN31463558	16S rRNA	16S rRNA	PRJNA894544
SAMN31463561	16S rRNA	16S rRNA	PRJNA894544
SAMN31463566	16S rRNA	16S rRNA	PRJNA894544
SAMN31463567	16S rRNA	16S rRNA	PRJNA894544
SAMN31463571	16S rRNA	16S rRNA	PRJNA894544
SAMN31463572	16S rRNA	16S rRNA	PRJNA894544
SAMN31463575	16S rRNA	16S rRNA	PRJNA894544
SAMN31463577	16S rRNA	16S rRNA	PRJNA894544
SAMN31463582	16S rRNA	16S rRNA	PRJNA894544
SAMN31463587	16S rRNA	16S rRNA	PRJNA894544
SAMN31463588	16S rRNA	16S rRNA	PRJNA894544
SAMN31463592	16S rRNA	16S rRNA	PRJNA894544
SAMN31463593	16S rRNA	16S rRNA	PRJNA894544
SAMN31463595	16S rRNA	16S rRNA	PRJNA894544
SAMN31463600	16S rRNA	16S rRNA	PRJNA894544
SAMN31463601	16S rRNA	16S rRNA	PRJNA894544
SAMN31463607	16S rRNA	16S rRNA	PRJNA894544
SAMN31463608	16S rRNA	16S rRNA	PRJNA894544
SAMN31463609	16S rRNA	16S rRNA	PRJNA894544
SAMN31463622	16S rRNA	16S rRNA	PRJNA894544
SAMN31463625	16S rRNA	16S rRNA	PRJNA894544
SAMN31463629	16S rRNA	16S rRNA	PRJNA894544
SAMN31463632	16S rRNA	16S rRNA	PRJNA894544
SAMN31463636	16S rRNA	16S rRNA	PRJNA894544
SAMN31463637	16S rRNA	16S rRNA	PRJNA894544
SAMN31463641	16S rRNA	16S rRNA	PRJNA894544
SAMN31463646	16S rRNA	16S rRNA	PRJNA894544
SAMN31463648	16S rRNA	16S rRNA	PRJNA894544
SAMN31463652	16S rRNA	16S rRNA	PRJNA894544
SAMN31463655	16S rRNA	16S rRNA	PRJNA894544
SAMN31463656	16S rRNA	16S rRNA	PRJNA894544
SAMN31463662	16S rRNA	16S rRNA	PRJNA894544
SAMN31463663	16S rRNA	16S rRNA	PRJNA894544
SAMN31463669	16S rRNA	16S rRNA	PRJNA894544
SAMN31463671	16S rRNA	16S rRNA	PRJNA894544
SAMN31463674	16S rRNA	16S rRNA	PRJNA894544
SAMN31463679	16S rRNA	16S rRNA	PRJNA894544
SAMN31463684	16S rRNA	16S rRNA	PRJNA894544
SAMN31463685	16S rRNA	16S rRNA	PRJNA894544
SAMN31463686	16S rRNA	16S rRNA	PRJNA894544
SAMN31463688	16S rRNA	16S rRNA	PRJNA894544
SAMN31463689	16S rRNA	16S rRNA	PRJNA894544
SAMN31463690	16S rRNA	16S rRNA	PRJNA894544
SAMN31463692	16S rRNA	16S rRNA	PRJNA894544
SAMN31463694	16S rRNA	16S rRNA	PRJNA894544
SAMN31463696	16S rRNA	16S rRNA	PRJNA894544
SAMN31463699	16S rRNA	16S rRNA	PRJNA894544
SAMN31463700	16S rRNA	16S rRNA	PRJNA894544
SAMN31463701	16S rRNA	16S rRNA	PRJNA894544
SAMN31463703	16S rRNA	16S rRNA	PRJNA894544
SAMN31463705	16S rRNA	16S rRNA	PRJNA894544
SAMN31463709	16S rRNA	16S rRNA	PRJNA894544
SAMN31463710	16S rRNA	16S rRNA	PRJNA894544
SAMN31463714	16S rRNA	16S rRNA	PRJNA894544
SAMN31463717	16S rRNA	16S rRNA	PRJNA894544
SAMN31463718	16S rRNA	16S rRNA	PRJNA894544
SAMN31463720	16S rRNA	16S rRNA	PRJNA894544
SAMN31463721	16S rRNA	16S rRNA	PRJNA894544
SAMN31463722	16S rRNA	16S rRNA	PRJNA894544
SAMN31463723	16S rRNA	16S rRNA	PRJNA894544
SAMN31463724	16S rRNA	16S rRNA	PRJNA894544
SAMN31463731	16S rRNA	16S rRNA	PRJNA894544
SAMN31463733	16S rRNA	16S rRNA	PRJNA894544
SAMN31463735	16S rRNA	16S rRNA	PRJNA894544
SAMN31463736	16S rRNA	16S rRNA	PRJNA894544
SAMN31463737	16S rRNA	16S rRNA	PRJNA894544
SAMN31463738	16S rRNA	16S rRNA	PRJNA894544
SAMN31463739	16S rRNA	16S rRNA	PRJNA894544
SAMN31463740	16S rRNA	16S rRNA	PRJNA894544
SAMN31463741	16S rRNA	16S rRNA	PRJNA894544
SAMN31463743	16S rRNA	16S rRNA	PRJNA894544
SAMN31463744	16S rRNA	16S rRNA	PRJNA894544
SAMN31463746	16S rRNA	16S rRNA	PRJNA894544
SAMN31463748	16S rRNA	16S rRNA	PRJNA894544
SAMN31463753	16S rRNA	16S rRNA	PRJNA894544
SAMN31463768	16S rRNA	16S rRNA	PRJNA894544
SAMN31463769	16S rRNA	16S rRNA	PRJNA894544
SAMN31463776	16S rRNA	16S rRNA	PRJNA894544
SAMN31463778	16S rRNA	16S rRNA	PRJNA894544
SAMN31463780	16S rRNA	16S rRNA	PRJNA894544
SAMN31463781	16S rRNA	16S rRNA	PRJNA894544
SAMN31463783	16S rRNA	16S rRNA	PRJNA894544
SAMN31463786	16S rRNA	16S rRNA	PRJNA894544
SAMN31463795	16S rRNA	16S rRNA	PRJNA894544
SAMN31463797	16S rRNA	16S rRNA	PRJNA894544
SAMN31463798	16S rRNA	16S rRNA	PRJNA894544
SAMN31463802	16S rRNA	16S rRNA	PRJNA894544
SAMN31463803	16S rRNA	16S rRNA	PRJNA894544
SAMN31463808	16S rRNA	16S rRNA	PRJNA894544
SAMN31463809	16S rRNA	16S rRNA	PRJNA894544
SAMN31463813	16S rRNA	16S rRNA	PRJNA894544
SAMN31463815	16S rRNA	16S rRNA	PRJNA894544
SAMN31463816	16S rRNA	16S rRNA	PRJNA894544
SAMN31463827	16S rRNA	16S rRNA	PRJNA894544
SAMN31463828	16S rRNA	16S rRNA	PRJNA894544
SAMN31463831	16S rRNA	16S rRNA	PRJNA894544
SAMN31463833	16S rRNA	16S rRNA	PRJNA894544
SAMN31463834	16S rRNA	16S rRNA	PRJNA894544
SAMN31463840	16S rRNA	16S rRNA	PRJNA894544
SAMN31463842	16S rRNA	16S rRNA	PRJNA894544
SAMN31463845	16S rRNA	16S rRNA	PRJNA894544
SAMN31463846	16S rRNA	16S rRNA	PRJNA894544
SAMN31463849	16S rRNA	16S rRNA	PRJNA894544
SAMN31463851	16S rRNA	16S rRNA	PRJNA894544
SAMN31463854	16S rRNA	16S rRNA	PRJNA894544
SAMN31463860	16S rRNA	16S rRNA	PRJNA894544
SAMN31463864	16S rRNA	16S rRNA	PRJNA894544
SAMN31463865	16S rRNA	16S rRNA	PRJNA894544
SAMN31463872	16S rRNA	16S rRNA	PRJNA894544
SAMN31463874	16S rRNA	16S rRNA	PRJNA894544
SAMN31463875	16S rRNA	16S rRNA	PRJNA894544
SAMN31463877	16S rRNA	16S rRNA	PRJNA894544
SAMN31463878	16S rRNA	16S rRNA	PRJNA894544
SAMN31463880	16S rRNA	16S rRNA	PRJNA894544
SAMN31463882	16S rRNA	16S rRNA	PRJNA894544
SAMN31463887	16S rRNA	16S rRNA	PRJNA894544
SAMN31463891	16S rRNA	16S rRNA	PRJNA894544
SAMN31463893	16S rRNA	16S rRNA	PRJNA894544
SAMN31463895	16S rRNA	16S rRNA	PRJNA894544
SAMN31463902	16S rRNA	16S rRNA	PRJNA894544
SAMN31463904	16S rRNA	16S rRNA	PRJNA894544
SAMN31463906	16S rRNA	16S rRNA	PRJNA894544
SAMN31463908	16S rRNA	16S rRNA	PRJNA894544
SAMN31463909	16S rRNA	16S rRNA	PRJNA894544
SAMN31463913	16S rRNA	16S rRNA	PRJNA894544
SAMN31463916	16S rRNA	16S rRNA	PRJNA894544
SAMN31463918	16S rRNA	16S rRNA	PRJNA894544
SAMN31463923	16S rRNA	16S rRNA	PRJNA894544
SAMN31463924	16S rRNA	16S rRNA	PRJNA894544
SAMN31463926	16S rRNA	16S rRNA	PRJNA894544
SAMN31463927	16S rRNA	16S rRNA	PRJNA894544
SAMN31463929	16S rRNA	16S rRNA	PRJNA894544
SAMN31463933	16S rRNA	16S rRNA	PRJNA894544
SAMN31463934	16S rRNA	16S rRNA	PRJNA894544
SAMN31463936	16S rRNA	16S rRNA	PRJNA894544
SAMN31463937	16S rRNA	16S rRNA	PRJNA894544
SAMN31463939	16S rRNA	16S rRNA	PRJNA894544
SAMN31463940	16S rRNA	16S rRNA	PRJNA894544
SAMN31463941	16S rRNA	16S rRNA	PRJNA894544
SAMN31463943	16S rRNA	16S rRNA	PRJNA894544
SAMN31463947	16S rRNA	16S rRNA	PRJNA894544
SAMN31463949	16S rRNA	16S rRNA	PRJNA894544
SAMN31463955	16S rRNA	16S rRNA	PRJNA894544
SAMN31463959	16S rRNA	16S rRNA	PRJNA894544
SAMN31463964	16S rRNA	16S rRNA	PRJNA894544
SAMN31463969	16S rRNA	16S rRNA	PRJNA894544
SAMN31463973	16S rRNA	16S rRNA	PRJNA894544
SAMN31463975	16S rRNA	16S rRNA	PRJNA894544
SAMN31463976	16S rRNA	16S rRNA	PRJNA894544
SAMN31463982	16S rRNA	16S rRNA	PRJNA894544
SAMN31463984	16S rRNA	16S rRNA	PRJNA894544
SAMN31463985	16S rRNA	16S rRNA	PRJNA894544
SAMN31463987	16S rRNA	16S rRNA	PRJNA894544
SAMN31463988	16S rRNA	16S rRNA	PRJNA894544
SAMN31463990	16S rRNA	16S rRNA	PRJNA894544
SAMN31463991	16S rRNA	16S rRNA	PRJNA894544
SAMN32109602	16S rRNA	16S rRNA	PRJNA907751
SAMN32109604	16S rRNA	16S rRNA	PRJNA907751
SAMN32109606	16S rRNA	16S rRNA	PRJNA907751
SAMN32109610	16S rRNA	16S rRNA	PRJNA907751
SAMN32109611	16S rRNA	16S rRNA	PRJNA907751
SAMN32109612	16S rRNA	16S rRNA	PRJNA907751
SAMN32109613	16S rRNA	16S rRNA	PRJNA907751
SAMN32109614	16S rRNA	16S rRNA	PRJNA907751
SAMN32109619	16S rRNA	16S rRNA	PRJNA907751
SAMN32109620	16S rRNA	16S rRNA	PRJNA907751
SAMN32109621	16S rRNA	16S rRNA	PRJNA907751
SAMN32109625	16S rRNA	16S rRNA	PRJNA907751
SAMN32109632	16S rRNA	16S rRNA	PRJNA907751
SAMN32109633	16S rRNA	16S rRNA	PRJNA907751
SAMN32109637	16S rRNA	16S rRNA	PRJNA907751
SAMN32109648	16S rRNA	16S rRNA	PRJNA907751
SAMN32109649	16S rRNA	16S rRNA	PRJNA907751
SAMN32109651	16S rRNA	16S rRNA	PRJNA907751
SAMN32109653	16S rRNA	16S rRNA	PRJNA907751
SAMN32109655	16S rRNA	16S rRNA	PRJNA907751
SAMN32109656	16S rRNA	16S rRNA	PRJNA907751
SAMN32109657	16S rRNA	16S rRNA	PRJNA907751
SAMN32109662	16S rRNA	16S rRNA	PRJNA907751
SAMN32109663	16S rRNA	16S rRNA	PRJNA907751
SAMN32109670	16S rRNA	16S rRNA	PRJNA907751
SAMN32109671	16S rRNA	16S rRNA	PRJNA907751
SAMN32109676	16S rRNA	16S rRNA	PRJNA907751
SAMN32109685	16S rRNA	16S rRNA	PRJNA907751
SAMN32109688	16S rRNA	16S rRNA	PRJNA907751
SAMN32109690	16S rRNA	16S rRNA	PRJNA907751
SAMN32109693	16S rRNA	16S rRNA	PRJNA907751
SAMN32109694	16S rRNA	16S rRNA	PRJNA907751
SAMN32109697	16S rRNA	16S rRNA	PRJNA907751
SAMN32109698	16S rRNA	16S rRNA	PRJNA907751
SAMN32109701	16S rRNA	16S rRNA	PRJNA907751
SAMN32109706	16S rRNA	16S rRNA	PRJNA907751
SAMN32109707	16S rRNA	16S rRNA	PRJNA907751
SAMN32109708	16S rRNA	16S rRNA	PRJNA907751
SAMN32109716	16S rRNA	16S rRNA	PRJNA907751
SAMN32109717	16S rRNA	16S rRNA	PRJNA907751
SAMN32109726	16S rRNA	16S rRNA	PRJNA907751
SAMN32109733	16S rRNA	16S rRNA	PRJNA907751
SAMN32109739	16S rRNA	16S rRNA	PRJNA907751
SAMN32109743	16S rRNA	16S rRNA	PRJNA907751
SAMN32109746	16S rRNA	16S rRNA	PRJNA907751
SAMN32109751	16S rRNA	16S rRNA	PRJNA907751
SAMN32109754	16S rRNA	16S rRNA	PRJNA907751
SAMN32109763	16S rRNA	16S rRNA	PRJNA907751
SAMN32109766	16S rRNA	16S rRNA	PRJNA907751
SAMN32109770	16S rRNA	16S rRNA	PRJNA907751
SAMN32109773	16S rRNA	16S rRNA	PRJNA907751
SAMN32109777	16S rRNA	16S rRNA	PRJNA907751
SAMN32109778	16S rRNA	16S rRNA	PRJNA907751
SAMN32109781	16S rRNA	16S rRNA	PRJNA907751
SAMN32109782	16S rRNA	16S rRNA	PRJNA907751
SAMN32109787	16S rRNA	16S rRNA	PRJNA907751
SAMN32109788	16S rRNA	16S rRNA	PRJNA907751
SAMN32109790	16S rRNA	16S rRNA	PRJNA907751
SAMN32109793	16S rRNA	16S rRNA	PRJNA907751
SAMN32109796	16S rRNA	16S rRNA	PRJNA907751
SAMN32109799	16S rRNA	16S rRNA	PRJNA907751
SAMN32109800	16S rRNA	16S rRNA	PRJNA907751
SAMN32109801	16S rRNA	16S rRNA	PRJNA907751
SAMN32109806	16S rRNA	16S rRNA	PRJNA907751
SAMN32109807	16S rRNA	16S rRNA	PRJNA907751
SAMN32109814	16S rRNA	16S rRNA	PRJNA907751
SAMN32109815	16S rRNA	16S rRNA	PRJNA907751
SAMN32109822	16S rRNA	16S rRNA	PRJNA907751
SAMN32109823	16S rRNA	16S rRNA	PRJNA907751
SAMN32109827	16S rRNA	16S rRNA	PRJNA907751
SAMN32109828	16S rRNA	16S rRNA	PRJNA907751
SAMN32109833	16S rRNA	16S rRNA	PRJNA907751
SAMN32109844	16S rRNA	16S rRNA	NA
SAMN32109846	16S rRNA	16S rRNA	NA
SAMN32109847	16S rRNA	16S rRNA	NA
SAMN32109850	16S rRNA	16S rRNA	NA
SAMN32109851	16S rRNA	16S rRNA	NA
SAMN32109852	16S rRNA	16S rRNA	NA
SAMN32109854	16S rRNA	16S rRNA	NA
SAMN32109856	16S rRNA	16S rRNA	NA
SAMN32109858	16S rRNA	16S rRNA	NA
SAMN32109862	16S rRNA	16S rRNA	NA
SAMN32109864	16S rRNA	16S rRNA	NA
SAMN32109870	16S rRNA	16S rRNA	NA
SAMN32109881	16S rRNA	16S rRNA	NA
SAMN32109884	16S rRNA	16S rRNA	NA
SAMN32109885	16S rRNA	16S rRNA	NA
SAMN32109888	16S rRNA	16S rRNA	NA
SAMN32109895	16S rRNA	16S rRNA	NA
SAMN32109899	16S rRNA	16S rRNA	NA
SAMN32109900	16S rRNA	16S rRNA	NA
SAMN32109901	16S rRNA	16S rRNA	NA
SAMN32109903	16S rRNA	16S rRNA	NA
SAMN32109906	16S rRNA	16S rRNA	NA
SAMN32109910	16S rRNA	16S rRNA	NA
SAMN32109911	16S rRNA	16S rRNA	NA
SAMN32109914	16S rRNA	16S rRNA	NA
SAMN32109915	16S rRNA	16S rRNA	NA
SAMN32109916	16S rRNA	16S rRNA	NA
SAMN32109917	16S rRNA	16S rRNA	NA
SAMN32109918	16S rRNA	16S rRNA	NA
SAMN32109921	16S rRNA	16S rRNA	NA
SAMN32109922	16S rRNA	16S rRNA	NA
SAMN32109923	16S rRNA	16S rRNA	NA
SAMN32109926	16S rRNA	16S rRNA	NA
SAMN32109927	16S rRNA	16S rRNA	NA
SAMN32109934	16S rRNA	16S rRNA	NA
SAMN32109939	16S rRNA	16S rRNA	NA
SAMN32109945	16S rRNA	16S rRNA	NA
SAMN32109953	16S rRNA	16S rRNA	NA
SAMN32109956	16S rRNA	16S rRNA	NA
SAMN32109959	16S rRNA	16S rRNA	NA
SAMN32109963	16S rRNA	16S rRNA	NA
SAMN32109967	16S rRNA	16S rRNA	NA
SAMN32109968	16S rRNA	16S rRNA	NA
SAMN32109969	16S rRNA	16S rRNA	NA
SAMN32109970	16S rRNA	16S rRNA	NA
SAMN32109978	16S rRNA	16S rRNA	NA
SAMN32109981	16S rRNA	16S rRNA	NA
SAMN32109982	16S rRNA	16S rRNA	NA
SAMN32109984	16S rRNA	16S rRNA	NA
SAMN32109985	16S rRNA	16S rRNA	NA
SAMN32109992	16S rRNA	16S rRNA	NA
SAMN32109993	16S rRNA	16S rRNA	NA
SAMN32110000	16S rRNA	16S rRNA	NA
SAMN32110001	16S rRNA	16S rRNA	NA
SAMN32110003	16S rRNA	16S rRNA	NA
SAMN32110006	16S rRNA	16S rRNA	NA
SAMN32110010	16S rRNA	16S rRNA	NA
SAMN32110015	16S rRNA	16S rRNA	NA
SAMN32110016	16S rRNA	16S rRNA	NA
SAMN32110017	16S rRNA	16S rRNA	NA
SAMN32110028	16S rRNA	16S rRNA	NA
SAMN32110036	16S rRNA	16S rRNA	NA
SAMN32110038	16S rRNA	16S rRNA	NA
SAMN32110044	16S rRNA	16S rRNA	NA
SAMN32110046	16S rRNA	16S rRNA	NA
SAMN32110047	16S rRNA	16S rRNA	NA
SAMN32110051	16S rRNA	16S rRNA	NA
SAMN32110054	16S rRNA	16S rRNA	NA
SAMN32110056	16S rRNA	16S rRNA	NA
SAMN32110058	16S rRNA	16S rRNA	NA
SAMN32110060	16S rRNA	16S rRNA	NA
SAMN32110071	16S rRNA	16S rRNA	NA
SAMN32110074	16S rRNA	16S rRNA	NA
SAMN32110082	16S rRNA	16S rRNA	PRJNA907751
SAMN32110084	16S rRNA	16S rRNA	PRJNA907751
SAMN32110085	16S rRNA	16S rRNA	PRJNA907751
SAMN32110086	16S rRNA	16S rRNA	PRJNA907751
SAMN32110091	16S rRNA	16S rRNA	PRJNA907751
SAMN32110092	16S rRNA	16S rRNA	PRJNA907751
SAMN32110093	16S rRNA	16S rRNA	PRJNA907751
SAMN32110094	16S rRNA	16S rRNA	PRJNA907751
SAMN32110095	16S rRNA	16S rRNA	PRJNA907751
SAMN32110101	16S rRNA	16S rRNA	PRJNA907751
SAMN32110102	16S rRNA	16S rRNA	PRJNA907751
SAMN32110106	16S rRNA	16S rRNA	PRJNA907751
SAMN32110108	16S rRNA	16S rRNA	PRJNA907751
SAMN32110109	16S rRNA	16S rRNA	PRJNA907751
SAMN32110110	16S rRNA	16S rRNA	PRJNA907751
SAMN32110111	16S rRNA	16S rRNA	PRJNA907751
SAMN32110114	16S rRNA	16S rRNA	PRJNA907751
SAMN32110121	16S rRNA	16S rRNA	PRJNA907751
SAMN32110128	16S rRNA	16S rRNA	PRJNA907751
SAMN32110129	16S rRNA	16S rRNA	PRJNA907751
SAMN32110131	16S rRNA	16S rRNA	PRJNA907751
SAMN32110132	16S rRNA	16S rRNA	PRJNA907751
SAMN32110135	16S rRNA	16S rRNA	PRJNA907751
SAMN32110136	16S rRNA	16S rRNA	PRJNA907751
SAMN32110138	16S rRNA	16S rRNA	PRJNA907751
SAMN32110140	16S rRNA	16S rRNA	PRJNA907751
SAMN32110143	16S rRNA	16S rRNA	PRJNA907751
SAMN32110148	16S rRNA	16S rRNA	PRJNA907751
SAMN32110151	16S rRNA	16S rRNA	PRJNA907751
SAMN35632672	16S rRNA	16S rRNA	NA
SAMN35632676	16S rRNA	16S rRNA	NA
SAMN35632678	16S rRNA	16S rRNA	NA
SAMN35632680	16S rRNA	16S rRNA	NA
SAMN35632683	16S rRNA	16S rRNA	PRJNA980418
SAMN35632686	16S rRNA	16S rRNA	NA
SAMN35632693	16S rRNA	16S rRNA	PRJNA980418
SAMN35632694	16S rRNA	16S rRNA	NA
SAMN35632696	16S rRNA	16S rRNA	NA
SAMN35632697	16S rRNA	16S rRNA	PRJNA980418
SAMN35632699	16S rRNA	16S rRNA	PRJNA980418
SAMN35632706	16S rRNA	16S rRNA	NA
SAMN35632708	16S rRNA	16S rRNA	NA
SAMN35632710	16S rRNA	16S rRNA	NA
SAMN35632716	16S rRNA	16S rRNA	NA
SAMN35632723	16S rRNA	16S rRNA	PRJNA980418
SAMN35632732	16S rRNA	16S rRNA	NA
SAMN35632736	16S rRNA	16S rRNA	NA
SAMN35632737	16S rRNA	16S rRNA	PRJNA980418
SAMN35632741	16S rRNA	16S rRNA	PRJNA980418
SAMN35632746	16S rRNA	16S rRNA	NA
SAMN35632747	16S rRNA	16S rRNA	PRJNA980418
SAMN35632748	16S rRNA	16S rRNA	NA
SAMN35632750	16S rRNA	16S rRNA	NA
SAMN35632758	16S rRNA	16S rRNA	NA
SAMN35632759	16S rRNA	16S rRNA	PRJNA980418
SAMN35632764	16S rRNA	16S rRNA	NA
SAMN35632766	16S rRNA	16S rRNA	NA
SAMN35632767	16S rRNA	16S rRNA	PRJNA980418
SAMN35632779	16S rRNA	16S rRNA	PRJNA980418
SAMN35632780	16S rRNA	16S rRNA	NA
SAMN35632783	16S rRNA	16S rRNA	PRJNA980418
SAMN35632786	16S rRNA	16S rRNA	NA
SAMN35632788	16S rRNA	16S rRNA	NA
SAMN35632790	16S rRNA	16S rRNA	NA
SAMN35632808	16S rRNA	16S rRNA	NA
SAMN35632810	16S rRNA	16S rRNA	NA
SAMN35632813	16S rRNA	16S rRNA	PRJNA980418
SAMN35632814	16S rRNA	16S rRNA	NA
SAMN35632817	16S rRNA	16S rRNA	PRJNA980418
SAMN35632819	16S rRNA	16S rRNA	PRJNA980418
SAMN35632820	16S rRNA	16S rRNA	NA
SAMN35632835	16S rRNA	16S rRNA	PRJNA980418
SAMN35632839	16S rRNA	16S rRNA	PRJNA980418
SAMN35632840	16S rRNA	16S rRNA	NA
SAMN35632841	16S rRNA	16S rRNA	PRJNA980418
SAMN35632845	16S rRNA	16S rRNA	PRJNA980418
SAMN35632850	16S rRNA	16S rRNA	NA
SAMN35632853	16S rRNA	16S rRNA	PRJNA980418
SAMN35632855	16S rRNA	16S rRNA	PRJNA980418
SAMN35632856	16S rRNA	16S rRNA	NA
SAMN35632857	16S rRNA	16S rRNA	PRJNA980418
SAMN35632859	16S rRNA	16S rRNA	PRJNA980418
SAMN35632861	16S rRNA	16S rRNA	PRJNA980418
SAMN35632862	16S rRNA	16S rRNA	NA
SAMN35632864	16S rRNA	16S rRNA	NA
SAMN35632865	16S rRNA	16S rRNA	PRJNA980418
SAMN35632866	16S rRNA	16S rRNA	NA
SAMN35632874	16S rRNA	16S rRNA	NA
SAMN35632883	16S rRNA	16S rRNA	PRJNA980418
SAMN35632884	16S rRNA	16S rRNA	NA
SAMN35632886	16S rRNA	16S rRNA	NA
SAMN35632889	16S rRNA	16S rRNA	PRJNA980418
SAMN35632892	16S rRNA	16S rRNA	NA
SAMN35632895	16S rRNA	16S rRNA	PRJNA980418
SAMN35632896	16S rRNA	16S rRNA	NA
SAMN35632905	16S rRNA	16S rRNA	PRJNA980418
SAMN35632909	16S rRNA	16S rRNA	PRJNA980418
SAMN35632916	16S rRNA	16S rRNA	NA
SAMN35632925	16S rRNA	16S rRNA	PRJNA980418
SAMN35632926	16S rRNA	16S rRNA	NA
SAMN35632931	16S rRNA	16S rRNA	PRJNA980418
SAMN35632932	16S rRNA	16S rRNA	NA
SAMN35632934	16S rRNA	16S rRNA	NA
SAMN35632935	16S rRNA	16S rRNA	PRJNA980418
SAMN35632939	16S rRNA	16S rRNA	PRJNA980418
SAMN35632940	16S rRNA	16S rRNA	NA
SAMN35632952	16S rRNA	16S rRNA	NA
SAMN35632954	16S rRNA	16S rRNA	NA
SAMN35632958	16S rRNA	16S rRNA	NA
SAMN35632960	16S rRNA	16S rRNA	NA
SAMN35632965	16S rRNA	16S rRNA	PRJNA980418
SAMN35632966	16S rRNA	16S rRNA	NA
SAMN35632972	16S rRNA	16S rRNA	NA
SAMN35632992	16S rRNA	16S rRNA	NA
SAMN35632996	16S rRNA	16S rRNA	NA
SAMN35632998	16S rRNA	16S rRNA	NA
SAMN35633006	16S rRNA	16S rRNA	NA
SAMN35633008	16S rRNA	16S rRNA	NA
SAMN35633016	16S rRNA	16S rRNA	NA
SAMN35633018	16S rRNA	16S rRNA	NA
SAMN35633020	16S rRNA	16S rRNA	NA
SAMN35633022	16S rRNA	16S rRNA	NA
SAMN35633024	16S rRNA	16S rRNA	NA
SAMN35633032	16S rRNA	16S rRNA	NA
SAMN35633042	16S rRNA	16S rRNA	NA
SAMN35633054	16S rRNA	16S rRNA	NA
SAMN35633062	16S rRNA	16S rRNA	NA
SAMN35633066	16S rRNA	16S rRNA	NA
SAMN35633072	16S rRNA	16S rRNA	NA
SAMN35633074	16S rRNA	16S rRNA	NA
SAMN35633076	16S rRNA	16S rRNA	NA
SAMN35633082	16S rRNA	16S rRNA	NA
SAMN35633088	16S rRNA	16S rRNA	NA
SAMN35633106	16S rRNA	16S rRNA	NA
SAMN35633110	16S rRNA	16S rRNA	NA
SAMN35633120	16S rRNA	16S rRNA	NA
SAMN35633130	16S rRNA	16S rRNA	NA
SAMN35633140	16S rRNA	16S rRNA	NA
SAMN35633144	16S rRNA	16S rRNA	NA
SAMN35633150	16S rRNA	16S rRNA	NA
SAMN35633158	16S rRNA	16S rRNA	NA
SAMN35633160	16S rRNA	16S rRNA	NA
SAMN35633166	16S rRNA	16S rRNA	NA
SAMN35633168	16S rRNA	16S rRNA	NA
SAMN35633178	16S rRNA	16S rRNA	NA
SAMN35633190	16S rRNA	16S rRNA	NA
SAMN35633216	16S rRNA	16S rRNA	NA
SAMN35633218	16S rRNA	16S rRNA	NA
SAMN35633220	16S rRNA	16S rRNA	NA
SAMN35633224	16S rRNA	16S rRNA	NA
SAMD00397953	16S rRNA	16S rRNA	PRJDB12126
SAMD00397954	16S rRNA	16S rRNA	PRJDB12126
SAMD00397957	16S rRNA	16S rRNA	PRJDB12126
SAMD00397961	16S rRNA	16S rRNA	PRJDB12126
SAMD00397962	16S rRNA	16S rRNA	PRJDB12126
SAMEA111416184	16S rRNA	16S rRNA	PRJEB56306
SAMEA111416186	16S rRNA	16S rRNA	PRJEB56306
SAMEA111416193	16S rRNA	16S rRNA	PRJEB56306
SAMN02213522	16S rRNA	16S rRNA	PRJNA206097
SAMN02213526	16S rRNA	16S rRNA	PRJNA206097
SAMN02213527	16S rRNA	16S rRNA	PRJNA206097
SAMN02213534	16S rRNA	16S rRNA	PRJNA206097
SAMN02213536	16S rRNA	16S rRNA	PRJNA206097
SAMN02213537	16S rRNA	16S rRNA	PRJNA206097
SAMN02213539	16S rRNA	16S rRNA	PRJNA206097
SAMN02213540	16S rRNA	16S rRNA	PRJNA206097
SAMN02213542	16S rRNA	16S rRNA	PRJNA206097
SAMN02213543	16S rRNA	16S rRNA	PRJNA206097
SAMN02213544	16S rRNA	16S rRNA	PRJNA206097
SAMN02213551	16S rRNA	16S rRNA	PRJNA206097
SAMN02213554	16S rRNA	16S rRNA	PRJNA206097
SAMN02213556	16S rRNA	16S rRNA	PRJNA206097
SAMN02782130	16S rRNA	16S rRNA	PRJNA245853
SAMN02782134	16S rRNA	16S rRNA	PRJNA245853
SAMN02782135	16S rRNA	16S rRNA	PRJNA245853
SAMN02782142	16S rRNA	16S rRNA	PRJNA245853
SAMN03330008	16S rRNA	16S rRNA	PRJNA273262
SAMN03330012	16S rRNA	16S rRNA	PRJNA273262
SAMN03330019	16S rRNA	16S rRNA	PRJNA273262
SAMN03330020	16S rRNA	16S rRNA	PRJNA273262
SAMN03330021	16S rRNA	16S rRNA	PRJNA273262
SAMN03330022	16S rRNA	16S rRNA	PRJNA273262
SAMN05757274	16S rRNA	16S rRNA	PRJNA342461
SAMN05757283	16S rRNA	16S rRNA	PRJNA342461
SAMN05757286	16S rRNA	16S rRNA	PRJNA342461
SAMN05757287	16S rRNA	16S rRNA	PRJNA342461
SAMN05757289	16S rRNA	16S rRNA	PRJNA342461
SAMN05915235	16S rRNA	16S rRNA	PRJNA348748
SAMN05915238	16S rRNA	16S rRNA	PRJNA348748
SAMN05915239	16S rRNA	16S rRNA	PRJNA348748
SAMN05915240	16S rRNA	16S rRNA	PRJNA348748
SAMN05915244	16S rRNA	16S rRNA	PRJNA348748
SAMN05915245	16S rRNA	16S rRNA	PRJNA348748
SAMN07514215	16S rRNA	16S rRNA	PRJNA398607
SAMN07816250	16S rRNA	16S rRNA	PRJNA414980
SAMN07816252	16S rRNA	16S rRNA	PRJNA414980
SAMN07816253	16S rRNA	16S rRNA	PRJNA414980
SAMN07816257	16S rRNA	16S rRNA	PRJNA414980
SAMN07816258	16S rRNA	16S rRNA	PRJNA414980
SAMN07816260	16S rRNA	16S rRNA	PRJNA414980
SAMN07816262	16S rRNA	16S rRNA	PRJNA414980
SAMN07816268	16S rRNA	16S rRNA	PRJNA414980
SAMN07816273	16S rRNA	16S rRNA	PRJNA414980
SAMN07816276	16S rRNA	16S rRNA	PRJNA414980
SAMN07816278	16S rRNA	16S rRNA	PRJNA414980
SAMN07816279	16S rRNA	16S rRNA	PRJNA414980
SAMN07816280	16S rRNA	16S rRNA	PRJNA414980
SAMN07816281	16S rRNA	16S rRNA	PRJNA414980
SAMN07816287	16S rRNA	16S rRNA	PRJNA414980
SAMN07816288	16S rRNA	16S rRNA	PRJNA414980
SAMN07816289	16S rRNA	16S rRNA	PRJNA414980
SAMN07816291	16S rRNA	16S rRNA	PRJNA414980
SAMN08517554	16s rRNA	16s rRNA	PRJNA433804
SAMN08517558	16s rRNA	16s rRNA	PRJNA433804
SAMN08517567	16s rRNA	16s rRNA	PRJNA433804
SAMN09622154	16S rRNA	16S rRNA	PRJNA561751
SAMN09622159	16S rRNA	16S rRNA	PRJNA479952
SAMN09622160	16S rRNA	16S rRNA	PRJNA479952
SAMN09622162	16S rRNA	16S rRNA	PRJNA479952
SAMN09622165	16S rRNA	16S rRNA	PRJNA479952
SAMN09622172	16S rRNA	16S rRNA	PRJNA479952
SAMN09622173	16S rRNA	16S rRNA	PRJNA479952
SAMN09622175	16S rRNA	16S rRNA	PRJNA479952
SAMN09622176	16S rRNA	16S rRNA	PRJNA479952
SAMN09622179	16S rRNA	16S rRNA	PRJNA479952
SAMN09622181	16S rRNA	16S rRNA	PRJNA479952
SAMN09622185	16S rRNA	16S rRNA	PRJNA479952
SAMN09622187	16S rRNA	16S rRNA	PRJNA479952
SAMN09622188	16S rRNA	16S rRNA	PRJNA479952
SAMN11125685	16S rRNA	16S rRNA	PRJNA527014
SAMN11388972	16S rRNA	16S rRNA	NA
SAMN11388974	16S rRNA	16S rRNA	NA
SAMN11388976	16S rRNA	16S rRNA	NA
SAMN11388978	16S rRNA	16S rRNA	NA
SAMN11388986	16S rRNA	16S rRNA	NA
SAMN11823439	16S rRNA	16S rRNA	PRJNA531905
SAMN11823441	16S rRNA	16S rRNA	PRJNA531905
SAMN11823442	16S rRNA	16S rRNA	PRJNA531905
SAMN11823444	16S rRNA	16S rRNA	PRJNA531905
SAMN11823446	16S rRNA	16S rRNA	PRJNA531905
SAMN11823450	16S rRNA	16S rRNA	PRJNA531905
SAMN11823451	16S rRNA	16S rRNA	PRJNA531905
SAMN11823454	16S rRNA	16S rRNA	PRJNA531905
SAMN11823455	16S rRNA	16S rRNA	PRJNA531905
SAMN11823456	16S rRNA	16S rRNA	PRJNA531905
SAMN11823458	16S rRNA	16S rRNA	PRJNA531905
SAMN12287752	16S rRNA	16S rRNA	PRJNA377204
SAMN12287756	16S rRNA	16S rRNA	PRJNA377204
SAMN12287761	16S rRNA	16S rRNA	PRJNA377204
SAMN12287762	16S rRNA	16S rRNA	PRJNA377204
SAMN12287764	16S rRNA	16S rRNA	PRJNA377204
SAMN12287767	16S rRNA	16S rRNA	PRJNA377204
SAMN12287769	16S rRNA	16S rRNA	PRJNA377204
SAMN12287771	16S rRNA	16S rRNA	PRJNA377204
SAMN12287776	16S rRNA	16S rRNA	PRJNA377204
SAMN12287777	16S rRNA	16S rRNA	PRJNA377204
SAMN12287778	16S rRNA	16S rRNA	PRJNA377204
SAMN12287782	16S rRNA	16S rRNA	PRJNA377204
SAMN12287784	16S rRNA	16S rRNA	PRJNA377204
SAMN12287785	16S rRNA	16S rRNA	PRJNA377204
SAMN12287789	16S rRNA	16S rRNA	PRJNA377204
SAMN12287795	16S rRNA	16S rRNA	PRJNA377204
SAMN12287797	16S rRNA	16S rRNA	PRJNA377204
SAMN12287798	16S rRNA	16S rRNA	PRJNA377204
SAMN12287800	16S rRNA	16S rRNA	PRJNA377204
SAMN12287805	16S rRNA	16S rRNA	PRJNA377204
SAMN12287807	16S rRNA	16S rRNA	PRJNA377204
SAMN12287808	16S rRNA	16S rRNA	PRJNA377204
SAMN12287809	16S rRNA	16S rRNA	PRJNA377204
SAMN12287818	16S rRNA	16S rRNA	PRJNA377204
SAMN12287819	16S rRNA	16S rRNA	PRJNA377204
SAMN12287822	16S rRNA	16S rRNA	PRJNA377204
SAMN16519727	16S rRNA	16S rRNA	NA
SAMN16519729	16S rRNA	16S rRNA	NA
SAMN16519732	16S rRNA	16S rRNA	NA
SAMN16519733	16S rRNA	16S rRNA	NA
SAMN16519741	16S rRNA	16S rRNA	NA
SAMN16519745	16S rRNA	16S rRNA	NA
SAMN16519747	16S rRNA	16S rRNA	NA
SAMN16519749	16S rRNA	16S rRNA	NA
SAMN16519754	16S rRNA	16S rRNA	NA
SAMN16519755	16S rRNA	16S rRNA	NA
SAMN16519756	16S rRNA	16S rRNA	NA
SAMN16519764	16S rRNA	16S rRNA	NA
SAMN16519767	16S rRNA	16S rRNA	NA
SAMN16519768	16S rRNA	16S rRNA	NA
SAMN16519770	16S rRNA	16S rRNA	NA
SAMN16519776	16S rRNA	16S rRNA	NA
SAMN16519778	16S rRNA	16S rRNA	NA
SAMN16519784	16S rRNA	16S rRNA	NA
SAMN16519788	16S rRNA	16S rRNA	NA
SAMN16519793	16S rRNA	16S rRNA	NA
SAMN16519795	16S rRNA	16S rRNA	NA
SAMN16519797	16S rRNA	16S rRNA	NA
SAMN16519799	16S rRNA	16S rRNA	NA
SAMN16519802	16S rRNA	16S rRNA	NA
SAMN16519806	16S rRNA	16S rRNA	NA
SAMN16519810	16S rRNA	16S rRNA	NA
SAMN16519812	16S rRNA	16S rRNA	NA
SAMN16519817	16S rRNA	16S rRNA	NA
SAMN16519823	16S rRNA	16S rRNA	NA
SAMN16519828	16S rRNA	16S rRNA	NA
SAMN16519832	16S rRNA	16S rRNA	NA
SAMN16519838	16S rRNA	16S rRNA	NA
SAMN16519839	16S rRNA	16S rRNA	NA
SAMN16519840	16S rRNA	16S rRNA	NA
SAMN16519841	16S rRNA	16S rRNA	NA
SAMN16519843	16S rRNA	16S rRNA	NA
SAMN16519844	16S rRNA	16S rRNA	NA
SAMN16519848	16S rRNA	16S rRNA	NA
SAMN16519850	16S rRNA	16S rRNA	NA
SAMN16519851	16S rRNA	16S rRNA	NA
SAMN16519859	16S rRNA	16S rRNA	NA
SAMN16519860	16S rRNA	16S rRNA	NA
SAMN16519863	16S rRNA	16S rRNA	NA
SAMN16519864	16S rRNA	16S rRNA	NA
SAMN16519865	16S rRNA	16S rRNA	NA
SAMN16519866	16S rRNA	16S rRNA	NA
SAMN16519867	16S rRNA	16S rRNA	NA
SAMN16519868	16S rRNA	16S rRNA	NA
SAMN16519872	16S rRNA	16S rRNA	NA
SAMN16519873	16S rRNA	16S rRNA	NA
SAMN16519876	16S rRNA	16S rRNA	NA
SAMN16519888	16S rRNA	16S rRNA	NA
SAMN16519895	16S rRNA	16S rRNA	NA
SAMN16519896	16S rRNA	16S rRNA	NA
SAMN27277535	16S rRNA	16S rRNA	PRJNA822765
SAMN27277537	16S rRNA	16S rRNA	PRJNA822765
SAMN27277538	16S rRNA	16S rRNA	PRJNA822765
SAMN27277540	16S rRNA	16S rRNA	PRJNA822765
SAMN27277542	16S rRNA	16S rRNA	PRJNA822765
SAMN27277546	16S rRNA	16S rRNA	PRJNA822765
SAMN27277547	16S rRNA	16S rRNA	PRJNA822765
SAMN27277548	16S rRNA	16S rRNA	PRJNA822765
SAMN27277550	16S rRNA	16S rRNA	PRJNA822765
SAMN27277552	16S rRNA	16S rRNA	PRJNA822765
SAMN27277554	16S rRNA	16S rRNA	PRJNA822765
SAMN27277555	16S rRNA	16S rRNA	PRJNA822765
SAMN27277557	16S rRNA	16S rRNA	PRJNA822765
SAMN27277558	16S rRNA	16S rRNA	PRJNA822765
SAMN27277562	16S rRNA	16S rRNA	PRJNA822765
SAMN27277563	16S rRNA	16S rRNA	PRJNA822765
SAMN27277564	16S rRNA	16S rRNA	PRJNA822765
SAMN27277565	16S rRNA	16S rRNA	PRJNA822765
SAMN27277570	16S rRNA	16S rRNA	PRJNA822765
SAMN27277573	16S rRNA	16S rRNA	PRJNA822765
SAMN27277581	16S rRNA	16S rRNA	PRJNA822765
SAMN27277587	16S rRNA	16S rRNA	PRJNA822765
SAMN27277589	16S rRNA	16S rRNA	PRJNA822765
SAMN27277592	16S rRNA	16S rRNA	PRJNA822765
SAMN27277602	16S rRNA	16S rRNA	PRJNA822765
SAMN27277603	16S rRNA	16S rRNA	PRJNA822765
SAMN27277605	16S rRNA	16S rRNA	PRJNA822765
SAMN27277608	16S rRNA	16S rRNA	PRJNA822765
SAMN27277609	16S rRNA	16S rRNA	PRJNA822765
SAMN27277611	16S rRNA	16S rRNA	PRJNA822765
SAMN27277612	16S rRNA	16S rRNA	PRJNA822765
SAMN27277614	16S rRNA	16S rRNA	PRJNA822765
SAMN27277615	16S rRNA	16S rRNA	PRJNA822765
SAMN27277616	16S rRNA	16S rRNA	PRJNA822765
SAMN27277618	16S rRNA	16S rRNA	PRJNA822765
SAMN27277619	16S rRNA	16S rRNA	PRJNA822765
SAMN27277620	16S rRNA	16S rRNA	PRJNA822765
SAMN27277622	16S rRNA	16S rRNA	PRJNA822765
SAMN27277626	16S rRNA	16S rRNA	PRJNA822765
SAMN27277629	16S rRNA	16S rRNA	PRJNA822765
SAMN27277630	16S rRNA	16S rRNA	PRJNA822765
SAMN27277632	16S rRNA	16S rRNA	PRJNA822765
SAMN27277634	16S rRNA	16S rRNA	PRJNA822765
SAMN27277635	16S rRNA	16S rRNA	PRJNA822765
SAMN27277638	16S rRNA	16S rRNA	PRJNA822765
SAMN27277641	16S rRNA	16S rRNA	PRJNA822765
SAMN27277642	16S rRNA	16S rRNA	PRJNA822765
SAMN27277645	16S rRNA	16S rRNA	PRJNA822765
SAMEA104041799	16S rRNA	16S rRNA	PRJEB20724
SAMEA104041814	16S rRNA	16S rRNA	PRJEB20724
SAMEA104041816	16S rRNA	16S rRNA	PRJEB20724
SAMEA104041818	16S rRNA	16S rRNA	PRJEB20724
SAMEA104041834	16S rRNA	16S rRNA	PRJEB20724
SAMEA104041840	16S rRNA	16S rRNA	PRJEB20724
SAMEA104041842	16S rRNA	16S rRNA	PRJEB20724
SAMEA104041847	16S rRNA	16S rRNA	PRJEB20724
SAMEA104041848	16S rRNA	16S rRNA	PRJEB20724
SAMEA104041853	16S rRNA	16S rRNA	PRJEB20724
SAMEA104041860	16S rRNA	16S rRNA	PRJEB20724
SAMEA104041861	16S rRNA	16S rRNA	PRJEB20724
SAMEA104041864	16S rRNA	16S rRNA	PRJEB20724
SAMEA104041866	16S rRNA	16S rRNA	PRJEB20724
SAMEA104041868	16S rRNA	16S rRNA	PRJEB20724
SAMEA104041872	16S rRNA	16S rRNA	PRJEB20724
SAMEA104041873	16S rRNA	16S rRNA	PRJEB20724
SAMEA104041878	16S rRNA	16S rRNA	PRJEB20724
SAMEA104041880	16S rRNA	16S rRNA	PRJEB20724
SAMEA104041882	16S rRNA	16S rRNA	PRJEB20724
SAMEA104041891	16S rRNA	16S rRNA	PRJEB20724
SAMEA104041893	16S rRNA	16S rRNA	PRJEB20724
SAMEA104041895	16S rRNA	16S rRNA	PRJEB20724
SAMEA12118754	16S rRNA	16S rRNA	PRJEB49814
SAMEA12118757	16S rRNA	16S rRNA	PRJEB49814
SAMEA12118760	16S rRNA	16S rRNA	PRJEB49814
SAMEA12118763	16S rRNA	16S rRNA	PRJEB49814
SAMEA12118766	16S rRNA	16S rRNA	PRJEB49814
SAMEA12118769	16S rRNA	16S rRNA	PRJEB49814
SAMEA12118770	16S rRNA	16S rRNA	PRJEB49814
SAMEA12118773	16S rRNA	16S rRNA	PRJEB49814
SAMEA12118777	16S rRNA	16S rRNA	PRJEB49814
SAMEA12118778	16S rRNA	16S rRNA	PRJEB49814
SAMEA12118782	16S rRNA	16S rRNA	PRJEB49814
SAMEA12118783	16S rRNA	16S rRNA	PRJEB49814
SAMEA12118784	16S rRNA	16S rRNA	PRJEB49814
SAMEA12118786	16S rRNA	16S rRNA	PRJEB49814
SAMEA12118787	16S rRNA	16S rRNA	PRJEB49814
SAMEA12118797	16S rRNA	16S rRNA	PRJEB49814
SAMEA12118807	16S rRNA	16S rRNA	PRJEB49814
SAMEA12118808	16S rRNA	16S rRNA	PRJEB49814
SAMEA12118809	16S rRNA	16S rRNA	PRJEB49814
SAMEA12118810	16S rRNA	16S rRNA	PRJEB49814
SAMEA12118815	16S rRNA	16S rRNA	PRJEB49814
SAMEA12118817	16S rRNA	16S rRNA	PRJEB49814
SAMEA12118819	16S rRNA	16S rRNA	PRJEB49814
SAMEA12118821	16S rRNA	16S rRNA	PRJEB49814
SAMEA12118826	16S rRNA	16S rRNA	PRJEB49814
SAMEA12118828	16S rRNA	16S rRNA	PRJEB49814
SAMEA12118831	16S rRNA	16S rRNA	PRJEB49814
SAMEA12118836	16S rRNA	16S rRNA	PRJEB49814
SAMEA12118840	16S rRNA	16S rRNA	PRJEB49814
SAMEA12118841	16S rRNA	16S rRNA	PRJEB49814
SAMEA12118844	16S rRNA	16S rRNA	PRJEB49814
SAMEA12118845	16S rRNA	16S rRNA	PRJEB49814
SAMEA12118852	16S rRNA	16S rRNA	PRJEB49814
SAMEA12118853	16S rRNA	16S rRNA	PRJEB49814
SAMEA12118855	16S rRNA	16S rRNA	PRJEB49814
SAMEA12118856	16S rRNA	16S rRNA	PRJEB49814
SAMEA12118863	16S rRNA	16S rRNA	PRJEB49814
SAMEA12118865	16S rRNA	16S rRNA	PRJEB49814
SAMEA12118875	16S rRNA	16S rRNA	PRJEB49814
SAMEA12118878	16S rRNA	16S rRNA	PRJEB49814
SAMEA12118879	16S rRNA	16S rRNA	PRJEB49814
SAMEA3107702	16S rRNA	16S rRNA	PRJEB7637
SAMEA3107703	16S rRNA	16S rRNA	PRJEB7637
SAMEA3107709	16S rRNA	16S rRNA	PRJEB7637
